signal_key,pair,first_seen,start_time,open_q1,open_vig,open_dec1,open_dec2,open_n_books,open_source
aleksandar rakic|marcin tybura|2026-08-01,aleksandar rakic|marcin tybura,2026-07-26 21:52:02.010534+00:00,2026-08-01 18:45:00+00:00,0.743183817062445,0.03835616438356171,1.2958579881656804,3.75,1,pinnacle
alexander poppeck|jovan leka|2026-08-01,alexander poppeck|jovan leka,2026-07-26 21:52:02.010534+00:00,2026-08-01 14:30:00+00:00,0.335717413516275,0.03787304953794868,2.87,1.4504504504504505,1,pinnacle
alexia thainara|amanda lemos|2026-08-08,alexia thainara|amanda lemos,2026-07-31 15:30:13.704740+00:00,2026-08-08 21:00:00+00:00,0.6472561151911178,0.038431513841349796,1.4878048780487805,2.73,1,pinnacle
billy quarantillo|diego ferreira|2026-08-08,billy quarantillo|diego ferreira,2026-07-31 15:30:13.704740+00:00,2026-08-08 21:00:00+00:00,0.4045957131385509,0.03848867791391353,2.38,1.617283950617284,1,pinnacle
billy ray goff|ty miller|2026-08-08,billy ray goff|ty miller,2026-07-31 15:30:13.704740+00:00,2026-08-08 21:00:00+00:00,0.2873670460906886,0.03876720294630731,3.35,1.3508771929824561,1,pinnacle
bogdan grad|dennis buzukia|unknown,bogdan grad|dennis buzukia,2026-07-27 19:09:21.183156+00:00,,0.6294940006342955,0.050403556948024786,1.5124321793494726,2.5699999999999994,5,retail_consensus
bogdan grad|dennis buzukja|2026-08-01,bogdan grad|dennis buzukja,2026-07-26 21:52:02.010534+00:00,2026-08-01 15:40:00+00:00,0.6130847696095674,0.037970062066447596,1.5714285714285714,2.49,1,pinnacle
borislav nikolic|mark vologdin|2026-08-01,borislav nikolic|mark vologdin,2026-07-27 18:32:49.773263+00:00,2026-08-01 16:00:00+00:00,0.6192548273048681,0.03811405985319016,1.5555555555555556,2.5300000000000002,1,pinnacle
bruno lopes|diyar nurgozhay|2026-08-08,bruno lopes|diyar nurgozhay,2026-07-31 15:30:13.704740+00:00,2026-08-08 21:00:00+00:00,0.42058345481660214,0.03827484820543159,2.29,1.6622516556291391,1,pinnacle
charles johnson|jose ochoa|2026-08-15,charles johnson|jose ochoa,2026-08-04 16:15:53.969218+00:00,2026-08-15 21:00:00+00:00,0.2775850104094379,0.03818443804034577,3.47,1.3333333333333333,1,pinnacle
chidi njokuani|joel alvarez|unknown,chidi njokuani|joel alvarez,2026-08-04 22:28:00.509539+00:00,,0.32579625577437393,0.040475588160890474,2.95,1.425531914893617,1,retail_consensus
daniel rodriguez|uros medic|2026-08-01,daniel rodriguez|uros medic,2026-07-26 21:52:02.010534+00:00,2026-08-01 19:45:00+00:00,0.24689365822172024,0.03854533266297966,3.9,1.2785515320334262,1,pinnacle
darren elkins|yadier del valle|2026-08-08,darren elkins|yadier del valle,2026-07-31 15:30:13.704740+00:00,2026-08-08 21:00:00+00:00,0.1851851851851852,0.038461538461538325,5.2,1.1818181818181819,1,pinnacle
donte johnson|eric mcconico|2026-08-15,donte johnson|eric mcconico,2026-08-04 16:15:53.969218+00:00,2026-08-15 21:00:00+00:00,0.6875000000000001,0.03896103896103886,1.4,3.08,1,pinnacle
dusko todorovic|robert valentin|2026-08-01,dusko todorovic|robert valentin,2026-07-26 21:52:02.010534+00:00,2026-08-01 18:15:00+00:00,0.43357242265282087,0.03892781670559464,2.2199999999999998,1.6993006993006992,1,pinnacle
dustin stoltzfus|mansur abdul malik|2026-08-15,dustin stoltzfus|mansur abdul malik,2026-08-04 16:15:53.969218+00:00,2026-08-15 21:00:00+00:00,0.1851851851851852,0.038461538461538325,5.2,1.1818181818181819,1,pinnacle
edson barboza|esteban ribovics|2026-08-15,edson barboza|esteban ribovics,2026-08-04 16:15:53.969218+00:00,2026-08-15 21:00:00+00:00,0.23655482145743237,0.03866090822612556,4.07,1.2610966057441253,1,pinnacle
gilbert urbina|vlasto cepo|2026-08-01,gilbert urbina|vlasto cepo,2026-07-26 21:52:02.010534+00:00,2026-08-01 17:45:00+00:00,0.2783319614381182,0.03839077462442231,3.46,1.334448160535117,1,pinnacle
gillian robertson|mackenzie dern|2026-08-15,gillian robertson|mackenzie dern,2026-07-26 04:18:01.319120+00:00,2026-08-15 21:00:00+00:00,0.31369438234657826,0.038376577183720784,3.07,1.403225806451613,1,pinnacle
guilherme pat|steven asplund|2026-08-08,guilherme pat|steven asplund,2026-07-31 15:30:13.704740+00:00,2026-08-08 21:00:00+00:00,0.328717999800777,0.03826662529734204,2.9299999999999997,1.434782608695652,1,pinnacle
hailey cowan|nina milosevic|2026-08-01,hailey cowan|nina milosevic,2026-07-26 21:52:02.010534+00:00,2026-08-01 14:55:00+00:00,0.2297794117647059,0.03866348448687362,4.1899999999999995,1.25,1,pinnacle
ian machado garry|islam makhachev|2026-08-15,ian machado garry|islam makhachev,2026-07-26 04:18:01.319120+00:00,2026-08-15 21:00:00+00:00,0.272865894438351,0.038188079764483795,3.53,1.3246753246753247,1,pinnacle
jalin turner|kaue fernandes|2026-08-15,jalin turner|kaue fernandes,2026-08-04 16:15:53.969218+00:00,2026-08-15 21:00:00+00:00,0.5759753418592375,0.03892220865842222,1.6711409395973154,2.27,1,pinnacle
jan blachowicz|navajo stirling|2026-08-01,jan blachowicz|navajo stirling,2026-07-26 21:52:02.010534+00:00,2026-08-01 19:15:00+00:00,0.2719915085577816,0.03858343668182451,3.54,1.3225806451612903,1,pinnacle
jeremiah wells|myktybek orolbai|2026-08-15,jeremiah wells|myktybek orolbai,2026-08-04 16:15:53.969218+00:00,2026-08-15 21:00:00+00:00,0.19736842105263158,0.03825136612021862,4.88,1.2,1,pinnacle
jessie rosas|miles johns|2026-08-08,jessie rosas|miles johns,2026-08-02 20:32:01.962463+00:00,2026-08-08 21:00:00+00:00,0.42997542997543,0.03826530612244894,2.24,1.6896551724137931,1,pinnacle
jose montanha|louie sutherland|2026-08-08,jose montanha|louie sutherland,2026-07-31 15:30:13.704740+00:00,2026-08-08 21:00:00+00:00,0.3869152303904326,0.037970062066447596,2.49,1.5714285714285714,1,pinnacle
juliana miller|ravena oliveira|2026-08-08,juliana miller|ravena oliveira,2026-07-31 15:30:13.704740+00:00,2026-08-08 21:00:00+00:00,0.6756861416331865,0.038192874013769584,1.425531914893617,2.9699999999999998,1,pinnacle
kyle prepolec|mateusz rebecki|2026-08-01,kyle prepolec|mateusz rebecki,2026-07-26 21:52:02.010534+00:00,2026-08-01 15:20:00+00:00,0.1989434265079577,0.03854434335717771,4.84,1.202020202020202,1,pinnacle
lucas fernando|rafael tobias|2026-08-15,lucas fernando|rafael tobias,2026-08-04 16:15:53.969218+00:00,2026-08-15 21:00:00+00:00,0.6598712216826748,0.03889148165433265,1.4587155963302751,2.83,1,pinnacle
ludovit klein|tofiq musayev|2026-08-01,ludovit klein|tofiq musayev,2026-07-26 21:52:02.010534+00:00,2026-08-01 16:40:00+00:00,0.662090813093981,0.03837719298245612,1.4545454545454546,2.85,1,pinnacle
manoel sousa|richie miranda|2026-08-08,manoel sousa|richie miranda,2026-08-02 20:32:01.962463+00:00,2026-08-08 21:00:00+00:00,0.7019073085218965,0.03859481319271407,1.3717472118959106,3.23,1,pinnacle
marina spasic|stephanie luciano|2026-08-01,marina spasic|stephanie luciano,2026-07-26 21:52:02.010534+00:00,2026-08-01 14:05:00+00:00,0.2909811207763591,0.0382625608813143,3.31,1.3584229390681004,1,pinnacle
mateusz gamrot|quillan salkilld|2026-08-08,mateusz gamrot|quillan salkilld,2026-07-31 15:30:13.704740+00:00,2026-08-08 21:00:00+00:00,0.4540808303192326,0.03879768030711417,2.12,1.7633587786259541,1,pinnacle
michael oliveira|oban elliott|2026-08-01,michael oliveira|oban elliott,2026-07-26 21:52:02.010534+00:00,2026-08-01 16:20:00+00:00,0.7225815824610681,0.03880787943685449,1.3322259136212624,3.47,1,pinnacle
milos janicic|noah gugnon|2026-08-01,milos janicic|noah gugnon,2026-07-26 21:52:02.010534+00:00,2026-08-01 17:15:00+00:00,0.5777027027027027,0.038596491228070295,1.6666666666666665,2.2800000000000002,1,pinnacle
neil magny|ramiz brahimaj|2026-08-15,neil magny|ramiz brahimaj,2026-08-04 16:15:53.969218+00:00,2026-08-15 21:00:00+00:00,0.502225882562436,0.03843931303885517,1.9174311926605505,1.9345794392523366,1,pinnacle
song yadong|umar nurmagomedov|unknown,song yadong|umar nurmagomedov,2026-07-27 19:09:21.183156+00:00,,0.23555330246259695,0.06155642445965034,4.033333333333333,1.2334147334147334,3,retail_consensus
tresean gore|vicente luque|2026-08-15,tresean gore|vicente luque,2026-08-04 16:15:53.969218+00:00,2026-08-15 21:00:00+00:00,0.5348837209302326,0.03864734299516903,1.8,2.0700000000000003,1,pinnacle
